profileId,idx
hp_herbestemming-object_next10,0
hp_herstelActiviteit-object_next10,1
hp_herstelActiviteit-onderdeel_next10,2
hp_object-herbestemming_next10,3
hp_object-herstelActiviteit_next10,4
hp_object-vervalProces-vervalActor_next10,5
hp_object-vervalProces_next10,6
hp_onderdeel-herstelActiviteit_next10,7
hp_onderdeel-vervalProces-vervalActor_next10,8
hp_onderdeel-vervalProces_next10,9
hp_vervalActor-vervalProces-object_next10,10
hp_vervalActor-vervalProces-onderdeel_next10,11
hp_vervalProces-object_next10,12
hp_vervalProces-onderdeel_next10,13
lp_herstelActor-herstelActiviteit-obk_ding,14
lp_herstelActor-obk_activiteit-object,15
lp_herstelActor-obk_activiteit-onderdeel,16
lp_object-herstelActiviteit-obk_actor,17
lp_object-obk_activiteit,18
lp_object-obk_activiteit-herstelActor,19
lp_object-obk_activiteit-vervalActor,20
lp_object-vervalProces-obk_actor,21
lp_obk_activiteit-object,22
lp_obk_activiteit-onderdeel,23
lp_obk_actor-herstelActiviteit-onderdeel,24
lp_obk_actor-vervalProces-object,25
lp_obk_actor-vervalProces-onderdeel,26
lp_obk_ding-herstelActiviteit,27
lp_obk_ding-herstelActiviteit-herstelActor,28
lp_obk_ding-vervalProces,29
lp_obk_ding-vervalProces-vervalActor,30
lp_onderdeel-herstelActiviteit-obk_actor,31
lp_onderdeel-obk_activiteit,32
lp_onderdeel-obk_activiteit-herstelActor,33
lp_onderdeel-obk_activiteit-vervalActor,34
lp_onderdeel-vervalProces-obk_actor,35
lp_vervalActor-obk_activiteit-object,36
lp_vervalActor-obk_activiteit-onderdeel,37
lp_vervalActor-vervalProces-obk_ding,38
lp_vervalProces-obk_ding,39
mp_herbestemming-object,40
mp_herstelActiviteit-object,41
mp_herstelActiviteit-onderdeel,42
mp_object-herbestemming,43
mp_object-herstelActiviteit,44
mp_object-vervalProces,45
mp_object-vervalProces-actor,46
mp_onderdeel-herstelActiviteit,47
mp_onderdeel-vervalProces,48
mp_vervalActor-vervalProces-object,49
mp_vervalActor-vervalProces-onderdeel,50
mp_vervalProces-object,51
mp_vervalProces-onderdeel,52
