docRef,idx
Pandarchief_10018_01042010_IT3_0004.pdf,0
Pandarchief_10018_01042010_IT3_0009.pdf,1
Pandarchief_10018_20052010_IT3.pdf,2
Pandarchief_10555_08042010_IT3.pdf,3
Pandarchief_10555_16112001_IT3_0003.pdf,4
Pandarchief_10555_19122001_IT3.pdf,5
Pandarchief_10555_20092002_IT3.pdf,6
Pandarchief_10640_01042010_IT3_0002.pdf,7
Pandarchief_11090_01022005_IT3.pdf,8
Pandarchief_11090_08032005_IT3_0001.pdf,9
Pandarchief_11090_12122000_IT3.pdf,10
Pandarchief_11090_23072004_IT3.pdf,11
Pandarchief_11212_22082005_IT3.pdf,12
Pandarchief_11455_13032007_IT3.pdf,13
Pandarchief_11455_16062006_IT3.pdf,14
Pandarchief_13258_01042010_IT3_0001.pdf,15
Pandarchief_14132_02012010_IT3.pdf,16
Pandarchief_14280_01042010_IT3_0001.pdf,17
Pandarchief_14280_19072010_IT3.pdf,18
Pandarchief_14280_30092003_IT3.pdf,19
Pandarchief_15878_13072005_IT3.pdf,20
Pandarchief_15938_01042010_IT3_0001.pdf,21
Pandarchief_15938_01042010_IT3_0003.pdf,22
Pandarchief_16450_12102004_IT3.pdf,23
Pandarchief_16450_13062012_IT3_0002.pdf,24
Pandarchief_16521_01042010_IT3_0003.pdf,25
Pandarchief_17075_24122009_IT3.pdf,26
Pandarchief_18224_23112007_IT3.pdf,27
Pandarchief_18224_26042002_IT3.pdf,28
Pandarchief_18297_01042001_IT3.pdf,29
Pandarchief_18297_01042001_IT3_0001.pdf,30
Pandarchief_18297_07052010_IT3_0002.pdf,31
Pandarchief_18297_20052010_IT3_0001.pdf,32
Pandarchief_19912_09062006_IT3.pdf,33
Pandarchief_19912_16062003_IT3.pdf,34
Pandarchief_20129_14062010_IT3_0001.pdf,35
Pandarchief_20139_30052008_IT3.pdf,36
Pandarchief_21199_01082004_IT3.pdf,37
Pandarchief_21199_01082004_IT3_0001.pdf,38
Pandarchief_21199_07042010_IT3_0002.pdf,39
Pandarchief_21303_27012004_IT3_0003.pdf,40
Pandarchief_21304_01082003_IT3.pdf,41
Pandarchief_21304_01122002_IT3.pdf,42
Pandarchief_21304_27031997_IT3.pdf,43
Pandarchief_21304_30092003_IT3.pdf,44
Pandarchief_21304_30092003_IT3_0001.pdf,45
Pandarchief_21315_18072002_IT3.pdf,46
Pandarchief_21315_20122010_IT3.pdf,47
Pandarchief_21559_31082010_IT3_0001.pdf,48
Pandarchief_21559_31082010_IT3_0004.pdf,49
Pandarchief_21562_10012006_IT3.pdf,50
Pandarchief_21562_11062010_IT3.pdf,51
Pandarchief_22001_01042010_IT3_0004.pdf,52
Pandarchief_22620_01091999_IT3.pdf,53
Pandarchief_22620_26082010_IT3.pdf,54
Pandarchief_22620_27082010_IT3.pdf,55
Pandarchief_23471_01042010_IT3.pdf,56
Pandarchief_23471_13072005_IT3.pdf,57
Pandarchief_23471_25012006_IT3.pdf,58
Pandarchief_23928_26082010_IT3.pdf,59
Pandarchief_24027_20112000_IT3.pdf,60
Pandarchief_24027_30102008_IT3.pdf,61
Pandarchief_25917_30082010_IT3_0001.pdf,62
Pandarchief_25917_30082010_IT3_0005.pdf,63
Pandarchief_26131_23062003_IT3.pdf,64
Pandarchief_27980_01012002_IT3.pdf,65
Pandarchief_28443_20092004_IT3_0002.pdf,66
Pandarchief_28656_05062002_IT3.pdf,67
Pandarchief_30715_03042003_IT3_0002.pdf,68
Pandarchief_31626_24122010_IT3.pdf,69
Pandarchief_31626_30092004_IT3.pdf,70
Pandarchief_31839_28072000_IT3_0001.pdf,71
Pandarchief_31938_29052006_IT3_0002.pdf,72
Pandarchief_32427_02042010_IT3.pdf,73
Pandarchief_32427_21022005_IT3.pdf,74
Pandarchief_32579_25072002_IT3_0002.pdf,75
Pandarchief_32951_27062005_IT3.pdf,76
Pandarchief_33112_25012006_IT3.pdf,77
Pandarchief_33223_01042010_IT3_0002.pdf,78
Pandarchief_33223_07092007_IT3_0007.pdf,79
Pandarchief_33223_24012007_IT3_0001.pdf,80
Pandarchief_33223_28112008_IT3_0001.pdf,81
Pandarchief_33223_28122007_IT3_0010.pdf,82
Pandarchief_33223_28122007_IT3_0012.pdf,83
Pandarchief_33240_07022005_IT3_23136.pdf,84
Pandarchief_33240_14122000_IT3_0013_23136.pdf,85
Pandarchief_33240_20112006_IT3.pdf,86
Pandarchief_33240_24122004_IT3_0002_23136.pdf,87
Pandarchief_33240_29112007_IT3_0002_23136.pdf,88
Pandarchief_33276_25062001_IT3.pdf,89
Pandarchief_33377_25082010_IT3.pdf,90
Pandarchief_33377_25082010_IT3_0002.pdf,91
Pandarchief_33824_04022008_IT3.pdf,92
Pandarchief_33852_11112004_IT3_0001_23136.pdf,93
Pandarchief_33852_11112004_IT3_0002_23136.pdf,94
Pandarchief_34112_07092007_IT3_0002.pdf,95
Pandarchief_34112_23112007_IT3_0001.pdf,96
Pandarchief_34112_23112007_IT3_0002.pdf,97
Pandarchief_34112_23112007_IT3_0003.pdf,98
Pandarchief_34133_09112007_IT3_0004.pdf,99
